{
  "last_sync": "2025-12-28T19:29:54.048167",
  "total_papers": 140,
  "new_papers_count": 0,
  "new_paper_ids": [],
  "paper_ids": [
    "2512.18483v1",
    "2512.17989v1",
    "2512.19027v1",
    "2512.19081v1",
    "2512.19317v1",
    "2512.19093v1",
    "2512.18618v1",
    "2512.18177v1",
    "2512.05996v1",
    "2512.19287v1",
    "2512.17929v1",
    "2512.19349v1",
    "2512.02018v1",
    "2512.01280v1",
    "2512.17972v1",
    "2512.01753v1",
    "2512.17979v1",
    "2512.18135v1",
    "2512.01188v1",
    "2512.18755v1",
    "2512.18160v1",
    "2512.19069v1",
    "2512.19458v1",
    "2512.18031v1",
    "2512.18661v1",
    "2512.01801v3",
    "2512.18901v1",
    "2512.19001v1",
    "2512.17923v1",
    "2512.17958v1",
    "2512.01773v1",
    "2512.18732v1",
    "2512.19355v1",
    "2512.18829v1",
    "2512.17912v1",
    "2512.17983v1",
    "2512.01608v1",
    "2512.02013v1",
    "2512.17946v1",
    "2512.01598v1",
    "2512.18043v1",
    "2512.19107v1",
    "2512.01246v1",
    "2512.18133v1",
    "2512.18131v1",
    "2512.17950v1",
    "2512.18190v1",
    "2512.17984v1",
    "2512.17969v1",
    "2512.01446v1",
    "2512.19551v1",
    "2512.17956v1",
    "2512.18908v1",
    "2512.18792v1",
    "2512.18947v1",
    "2512.17917v1",
    "2512.01946v2",
    "2512.01987v2",
    "2512.17934v1",
    "2512.18665v1",
    "2512.18092v1",
    "2512.02011v1",
    "2512.18857v1",
    "2512.01993v1",
    "2512.18080v1",
    "2512.01856v2",
    "2512.17910v1",
    "2512.19396v1",
    "2512.11824v1",
    "2512.01715v1",
    "2512.01924v1",
    "2512.18094v1",
    "2512.17941v1",
    "2512.18489v1",
    "2512.18687v1",
    "2512.18202v1",
    "2512.18256v1",
    "2512.19084v1",
    "2512.19228v1",
    "2512.18450v1",
    "2512.01194v1",
    "2512.19526v1",
    "2512.02020v2",
    "2512.17920v1",
    "2512.17928v1",
    "2512.19691v1",
    "2512.17952v1",
    "2512.01952v1",
    "2512.01668v1",
    "2512.19350v1",
    "2512.19135v1",
    "2512.18004v1",
    "2512.19210v1",
    "2512.01218v1",
    "2512.01801v2",
    "2512.18564v1",
    "2512.01850v1",
    "2512.18412v1",
    "2512.17970v1",
    "2512.18619v1",
    "2512.01550v1",
    "2512.18077v1",
    "2512.19234v1",
    "2512.18571v1",
    "2512.17943v1",
    "2512.17913v1",
    "2512.18126v1",
    "2512.18082v1",
    "2512.18605v1",
    "2512.17968v1",
    "2512.18020v1",
    "2512.19096v1",
    "2512.18956v1",
    "2512.17916v1",
    "2512.19366v1",
    "2512.01165v1",
    "2512.18709v1",
    "2512.18014v1",
    "2512.19299v1",
    "2512.02002v2",
    "2512.19155v1",
    "2512.02270v1",
    "2512.18311v1",
    "2512.01996v1",
    "2512.02017v1",
    "2512.01554v1",
    "2512.18034v1",
    "2512.01336v1",
    "2512.01629v2",
    "2512.18265v1",
    "2512.01358v1",
    "2512.17911v1",
    "2512.19557v1",
    "2512.18057v1",
    "2512.18189v1",
    "2512.01381v1",
    "2512.17953v1",
    "2512.18669v1",
    "2512.01809v2",
    "2512.01897v1"
  ]
}